{"cameraMode":{"drawMode":0,"name":"Shaded","section":"Shading Mode"},"sceneLighting":true,"audioPlay":false,"sceneViewState":{"showFog":true,"showMaterialUpdate":false,"showSkybox":true,"showFlares":true,"showImageEffects":true,"showParticleSystems":true},"in2DMode":false,"pivot":{"x":89.11064910888672,"y":-94.27276611328125,"z":219.11309814453126},"rotation":{"x":0.18056751787662507,"y":0.19045177102088929,"z":-0.03566313534975052,"w":0.9642881751060486},"size":282.4289245605469,"orthographic":false}